md5,type_description,type_extension,size,vhash,sha256,sha1,authentihash,remarks
00417653f6245dd39f114e4ad093b43f,Win32 EXE,exe,1348507,016056655d1c0510d043z8003d7z47z62z3ffz,aadc7e960d67cd37ef224c77117c9be140300c6d638b16d649dadee22e03b94d,2ea71961de2ecf6f27066dd8b7a4140f95cc04ae,d5062f33ba8cbd9dbd1c00f76bfab33157470df8fecc420b81b3bd9d8eee3d96,https://www.virustotal.com/gui/search/00417653F6245DD39F114E4AD093B43F
4E4B014604377B609ADD80E7F612ABE1,,,,,,,,File not found
7BAC80E6859430CA1F26F935852D01F9,,,,,,,,File not found
AEBF043A39D212BBD0FD608C972C5181,,,,,,,,File not found
c70889b47133396c23d32dd6c5720325,Win32 EXE,exe,3813280,036086655d55151d157560b012z6200a56z150e5za0600e53z19z,86eca2f6c3c53fd1325206b810b0cb2b6ee43ba77cdd918993ff2de8f3dccd67,1cf24f747b48957fb0c36914a2b81142357d5484,2a765230dec76ae2c30c5920b6c0b6215f8cc78ff4d2e79b25985818bf695db2,https://www.virustotal.com/gui/search/C70889B47133396C23D32DD6C5720325
A950305EBB090858F78ED7A5E7332E2A,,,,,,,,File not found
C5C896E08FAA139498193A79C326FF2C,,,,,,,,File not found
2c5140076bf00c3d77c30e4849107ae9,Win32 EXE,exe,1009152,016066655d1555555210b02002300a56z161d013zf2za2030e039z,cd2f8f60012f169a4501c6074f6e7599b239a101ca0fec806dad912f2c3bb4af,ff505f36c8b591bf43c92171811135c008c5d26a,d46d3eab7c0062b4152bfb4cc9506c0bb3e7673c5b9fbabcc70637a9365f50da,https://www.virustotal.com/gui/search/2C5140076BF00C3D77C30E4849107AE9
d3d79f8f3809ae58a8d030de3f0f8abc,Win32 EXE,exe,1180160,016066655d1555755210b02002300a56z161d013zf2za2030e039z,011b618d3d52261a4136201388020f1b9c98b43415a2c29f6e33cd3d7964938b,977146cb7e43e70ab6d586b2d891f9026b3db68f,e90e5f61911891ce23c54c81a93172b5f549bf6dc359a2ff153801d5290b50c2,https://www.virustotal.com/gui/search/D3D79F8F3809AE58A8D030DE3F0F8ABC
3493dcc0edda5e30e26aa552d7edcc8c,Win32 DLL,dll,206336,125056655d15156az51nz1ez4,e68f11685b0a74d8b6f57647aadf97977c35fd7d774de64b5360961677c3ed33,e9919b2cbacb4b8ccfcc0e7896237d3ad172f2a5,875e493d8d442c0c480fdf89571ccc8738eaff4492c6a2f4291019193c9d07d3,https://www.virustotal.com/gui/search/3493DCC0EDDA5E30E26AA552D7EDCC8C
5ee0a1bca69f9d0d1f9a24923e52f01b,Win32 DLL,dll,2736936,1260b6551d15657f1e1e1bzc?z1,efe782f2d88b8c5e7abb382bfe94fb20e14a57ec548d92693493f185b4e15bb2,fc930bfe940413c5c86020c1089ca0f3732a7789,6075ac437ac9234261095e7591c5e8f2be0c2c4cc5edc3c7f07b49e230fc3df0,https://www.virustotal.com/gui/search/5EE0A1BCA69F9D0D1F9A24923E52F01B
638289a3e2fadb26fb06e2ca54b923fa,Win32 EXE,exe,11776,014056651d15555bzejz2jz,c86ffe34fc33bd6bd456c2edb09cda8ffecdadb55e6c28454ab07f366f1e249e,fdb17621716119295cfb556cf1356dc289e15fae,4e263b1a702b6d4a5b5ad1bc36818a2b93c5309f4b5a02df80ab0819957d08f4,https://www.virustotal.com/gui/search/638289A3E2FADB26FB06E2CA54B923FA
ac1e50e69e4b74ef020de708e32ac8bd,Win32 EXE,exe,1766544,016046655d15714022z2a00b37z907023z808005b03dz,05595eae414f08ce57569ae338d12a373caf9b56970150987cd2db78ae05659c,29d842fc4af2017d262997b262b8bd7aeee4e098,f5775484242698c667a639ce839a4a0cccc52c4572cc258f44158c3a78511c02,https://www.virustotal.com/gui/search/AC1E50E69E4B74EF020DE708E32AC8BD
1A43A53553D5EEFEDA02E7D9ACB6CCE9,,,,,,,,File not found
498A8AEA6E50D7AC413963C6A496A0AE,,,,,,,,File not found
6ff884b56ad339d184f79527aca7db47,Win32 EXE,exe,34615296,0370c76d1565155c055d5291z10a3100b29c022z22185zf2z8d03001d236zb,16e61b14763506b61a130cb0cd828f74d90817b399f358d55a97644149909382,95916f0e08e38ba203c795d382e40a2ea3c6e8ac,1fbcdfdc49e606926e45b952c9f992bb1c1c53a26c75502ddfd807f4db5a9de6,https://www.virustotal.com/gui/search/6FF884B56AD339D184F79527ACA7DB47
929c7f7e7770f2e7cde00a04cc91854e,Win32 DLL,dll,2014720,126056655d155557z1003iz12z14z102020035001,d7faa9c4ea32c5dbea4278e260963513390bfbf82515c9d7876fbeddd146f10e,6a56b8febb52894e55b81895441d529c43a92265,4d10bd53eccd57e4d77f93a666f048bdb809394a1848a91193f3a126dc06fea6,https://www.virustotal.com/gui/search/929C7F7E7770F2E7CDE00A04CC91854E
fad38e650676e9486bd4456ad15d1f3f,Win32 EXE,exe,185856,215036756512f097243550410,2c5f35fd3dff5f80300525b4be72821eaed7cc000b483212460685efc7ad6047,76a78040f517f28986525cfe70f8f6271c19f0ad,513f77f1b93339722ef318df26da9a87b67534d88d2f79dd0cefdac8cd40b661,https://www.virustotal.com/gui/search/FAD38E650676E9486BD4456AD15D1F3F
3B40500ED2A420F526203B7F78D04B09,,,,,,,,File not found
7c6daa2a0b2e2a7911b749132ef4c2cf,Win32 EXE,exe,1449176,016066651d1c0555109043z800467z47z62z4403dz,98994a3b354018901a0c04da4045ff77d1b52b460e3928c724286f38f0aa6a2a,de7735af6e4f722040ad782034ff92965d64b11e,7db74aaa12f9f04035ddb3b557acc46d8abcdaad9e63e18166ffdb16e8112811,https://www.virustotal.com/gui/search/7C6DAA2A0B2E2A7911B749132EF4C2CF
cefd0b6a81c8a58e1696ae7cf4fb0868,Win32 EXE,exe,794016,0750866d1c0d1c051505105016z1c9z5bz1fz,ed76dd949435bde965ed256494c4072b7304d4ff285149977cd21e216d0e650e,9af897669cd49c0a03f0ee058c94d6ccd580a0e3,3dde17dd57077ffee718391da952c6c201e2e50950546c196b763e287c250f8c,https://www.virustotal.com/gui/search/CEFD0B6A81C8A58E1696AE7CF4FB0868
f38b3602203ae1e7ca6e875f6510abb3,Win32 EXE,exe,19456,014056655d15156058z1bdz1pz,3d17e2b228f4fa783f6663378d8f32c0bc8859efb358a574bd484dad3b243c7b,c1df9689f788fa26115519fc5e36b8b29fc2218c,7d3c0184efaf39fb1c596ebd7e1ba495d45049bd16ab5f4e685d7a5eb39d4670,https://www.virustotal.com/gui/search/F38B3602203AE1E7CA6E875F6510ABB3
0EF5F6A26367A0C78D6996CB3F332921,,,,,,,,File not found
1DF64122E96064E22CE431753A2360C3,,,,,,,,File not found
34fb289e9fee64cd7d4b588f0af35a87,Win32 EXE,exe,3232768,0360a6666d6c0d5d151c0161e020051z9401023zf125z92zbe03cz3,61fbf0a6084bd7bab3ed214f1c372a569af302ee353e59ddb4f9f65436bf9b55,749822f7891caaca3fcda698a1f3a88afa76b26c,674edd9714b1ee37f25b9240e19da40932fa2265a3a79ef4a0ebf13a8e0b876e,https://www.virustotal.com/gui/search/34FB289E9FEE64CD7D4B588F0AF35A87
7AFEF5C1924EAD34BE8FB9A12F239151,,,,,,,,File not found
b27bf3dcf7f6befc64b03106b7ec35a4,Win32 EXE,exe,3933120,036056655d55756150100106200b26z150e5zb0600e63z11d7z,a47954555f138b6c951091477cc08659d10eb2e16894a2b0de60ce84d4b5f68e,f17d0da1e8a9dc0f60aff36c15e89b08c2e55aba,ce914cba780b96ed4c613d0fd03efb468663f61c989d762abdb0424f2cf1c566,https://www.virustotal.com/gui/search/B27BF3DCF7F6BEFC64B03106B7EC35A4
BDB3986145CFADDF9933F7970E22F5B8,,,,,,,,File not found
fee6f18453719080e90c4690449a02f1,Win32 EXE,exe,30687854,037046655d155az89!z,a5f742d87a8d32cfca77bde99e0eb1cb4cbd0051de5357dbbb7f51db2a85fee4,3da916a5d85107594a903c42794017b5e675f092,0aebd8f5efce6fedb41b91abc85ab9d42aff550aa44955ab0e57174c02742633,https://www.virustotal.com/gui/search/FEE6F18453719080E90C4690449A02F1
4B07BF7389C0CB0BEA360C54160E3AE2,,,,,,,,File not found
705e0de4275efc3f1fed585a3c35a247,Win32 EXE,exe,162272,01503e0f7d11z13z11z6015z1015z13z1fz,295ef9ecd464a3ce3956b44088f1dcbd97e1eb2699623c606ae34ef9f918523c,3a580b432f5de7336478768b3e05313a03e6d21b,33217828c32c7f9b946f4d8a4ef9c9bfb104ac98cb49672e06f66b3222699486,https://www.virustotal.com/gui/search/705E0DE4275EFC3F1FED585A3C35A247
72c137efe88d3e115455378a53e1699d,Win32 EXE,exe,959488,29503675551380e16b37eb480,b6dfe1839752b15b2edd932dc605700d54930cfc892b4c36d650e70e05b718e4,f8a38ba721421be4200f18895302f45aa78000cf,5ee36357378b3380c24fd39b58de1827f6f139c27b8ba766aa30d188bed15cc1,https://www.virustotal.com/gui/search/72C137EFE88D3E115455378A53E1699D
81db2bde8945985ce805776f4358b5ef,Win32 EXE,exe,6628305,066076655d155515155048z5f!z,8cc7f072575cbdfff5e7892cce26991f75a69badd2cc8ad5877c71451e840385,be310135d7e874f451af835759551e5763ca2e41,5c1029171c94fb9113d983e3330d2e01f81cb3cf726f9365f8064c58b34f64dd,https://www.virustotal.com/gui/search/81DB2BDE8945985CE805776F4358B5EF
90b6f298a9dad5dc43220c056f09e246,Win32 EXE,exe,283648,025056651d15556048z4cjz1jz,938e29ed93872deed24d2f5c8317caa81b5fc51d909f89347b7d6182e269a069,342c4294cd12ac69f1d42580fa9749490fb4c18f,52d1f70a28c07e0cc90dcb194030c69c9d88f5d22ca0e514ca57d7027ed2d624,https://www.virustotal.com/gui/search/90B6F298A9DAD5DC43220C056F09E246
b54dbd344f0d32e443a3273377b0dc99,Win32 EXE,exe,4059200,046056655d5c05709043z8003b7z47z62z3e03dz,0663af4692e19081e3afa8641ee7b9be3a54ec26c88a02bfee5265717c7037df,6f7a53b769c9dc414c573ea9f13e51207a84673b,21486bf02c2bc414cdcfb3446a09d059b3491f32fe208573930c335a72520513,https://www.virustotal.com/gui/search/B54DBD344F0D32E443A3273377B0DC99
e97095f7a58ca1c6c583bbd8ece4f6f4,Win32 EXE,exe,754176,0750866d1c0d5c051565603172z36002a7z203bz403dz,ce7631ce4c2db623fb57e48426d6af3688df480f79ab73d70668b8ac4529f504,b16a1b7d39f8ff79dcb1b9659abe5ebec65907b0,89cb386595eff94cc0eca24b650b7f914a6d8e2d838e69019dde5c23542ec6f2,https://www.virustotal.com/gui/search/E97095F7A58CA1C6C583BBD8ECE4F6F4
c1f8a53fc91c813b1d8a66d70d30e2c9,Win32 EXE,exe,1318912,016066651d1c0575709043z800467z47z62z4403dz,1d0f57d2f0c24b6812f56b29d74b40bf48a90d4b0824f9e66e60c7de7fd48a4b,6f71d7ec77a265ed519ff1f3abe25005d4c92992,a04e349db7d59c3c93579c3cd88529bbb6548bbdeaec146e09cc4842180cdbb3,https://www.virustotal.com/gui/search/C1F8A53FC91C813B1D8A66D70D30E2C9
e196045028aeb44a874a1b7eb0d3a76f,Win32 EXE,exe,1780029,016046655d15103013zb005d215z3045z72z37fz,22c433831f5e952c23dbd74259245eb1ac041c1afe09cf624f86eb7c8262edb0,b4e8176583c8a9a13f642cddd1f5312987d552df,851755937eae9a4ecf1964a5d063d3c0e6534a0f6621fe00497c642d5b784877,https://www.virustotal.com/gui/search/E196045028AEB44A874A1B7EB0D3A76F
06A863DE50C6E4425B466057C5665ED9,,,,,,,,File not found
680D2ED84CDDC43E783FFEBFD1916BE4,,,,,,,,File not found
8A91F6FA28B52288C31CFF2D8029377F,,,,,,,,File not found
A45995EB93ABA1C34E3D778F51178C90,,,,,,,,File not found
e59226a18d70150694cad05d3a1d197f,Win32 EXE,exe,3027751,036056655d1c0560d043z800417z47z62z41fz,d284b2b5a10c263f551604a4a2a6ff34c6ba2a46578c92ed7dda5227c93bbcfa,b787c49b08d2ac0e183b82fb4a9b1375b1f7f5d2,41571fb5fad7f93549f1e81207eb1375034a0c72e307f824c00d8622caa2af78,https://www.virustotal.com/gui/search/E59226A18D70150694CAD05D3A1D197F
bac13dfbe1acf8abfa20d15039281c2b,Win32 EXE,exe,253440,02505d7d1d1d5dcz3@z13z,652d1b8f987d37e027244e6eb8f7d60b366716d1aa00a461bfb61d1c55f2bd0e,c32bcf42cb98b5701440da8caa2307105f2781cf,7248445c50810ef54636e6eaf80e292e83bb3903451c97fc47029f81961eed37,https://www.virustotal.com/gui/search/BAC13DFBE1ACF8ABFA20D15039281C2B
0DB0D8E6DED6D711948B4B0B4E80E00E,,,,,,,,File not found
580f30acd2a0828b174ba827fd6f4bb4,Win32 EXE,exe,239104,025056655d15556128z527z503tz,eb24370166021f9243fd98c0be7b22ab8cbc22147c15ecef8e75746eb484bb1a,9b6a4bf704d4b430bc18caaef42648e743556dff,2a2e73c6bcfd811a71728659d9d9ef1a496c1b3c400589b166e7cb821af39e02,https://www.virustotal.com/gui/search/580F30ACD2A0828B174BA827FD6F4BB4
A0A5E48066B0B6FEEECA25746D0EF933,,,,,,,,File not found
2dbb88b9fd64e835e248867dc83521a0,Win32 EXE,exe,4659200,046046655d755az7e!z,743edf989324fe3673cc05d95e1554054d5606df3677ca75cdc58426e753dcb2,76279e5975fa5f12afaf3e7c233e494fd21150b9,19ccc5f5a797d81ef47195a3233726e3f2e72163fcb6d3cddf9fb6f0875eaeb2,https://www.virustotal.com/gui/search/2DBB88B9FD64E835E248867DC83521A0
0AF8D0286826571374148584C1D064FD,,,,,,,,File not found
429aabdae98e2c80cc2b7562ba2bc279,Win32 EXE,exe,5621915,056066655d1515756az8d!z,6930e4389287314c77a44f04df2bd1afa616733f6d04d0c36c19d6fe3e5c8592,50565ac937498b73ad64d4b47e3550e2cbf77fae,ffbc8c9c1648ce62388d5be0d88e86eea6d4bdf8c71f97fcb110c8c20ea2a08f,https://www.virustotal.com/gui/search/429AABDAE98E2C80CC2B7562BA2BC279
44AB6A4D6E901C51692FE7195344EA47,,,,,,,,File not found
58AE6F9651A8E5E0075C09EBDE188926,,,,,,,,File not found
64d6384795bc0c3692b17af3a80a60c9,Win32 DLL,dll,2557440,1260566d1555156188zb1hz20401191z801195z13,a8cc637b9cc836dbd86af7264368ce79c532344bf1cdec63d47ae6d39026408e,b2aca742a766df48e25d2ff420ca8d518c02b421,61e34a0f8b6417cb6237398875f618e0a663ee815376f566e4118f40df730eec,https://www.virustotal.com/gui/search/64D6384795BC0C3692B17AF3A80A60C9
2fa7683ea7bb2ade8e5331e99fd14d0e,Win32 DLL,dll,130560,115056655d15556az4a!z,14e801fbb5190005a8c78fa00d348ec6d179d6b7552bb90f88486b3073a28253,ad50464c3024f0c4858a805bdbf2c828779d3b04,b471f02128d70bf5f0a4891a3b3f0d1f558abb243d0e9788a91fc4c7a5a8b7b4,https://www.virustotal.com/gui/search/2FA7683EA7BB2ADE8E5331E99FD14D0E
39d83c8d85a31d864f8da1dbd0613236,Win32 EXE,exe,4617728,046046655d756az81!z,996f0cfc36e60fdbdcb535a380506dfc3e0dbb20a7b5707015f7675be2a04fb2,230982a08f1253cb16c8535e2731d8f4ce8d45ef,dadfd5dd0e2830caa324b7acb18f72584c04fd10896494e7011ebd6e11bd49a1,https://www.virustotal.com/gui/search/39D83C8D85A31D864F8DA1DBD0613236
abc41503982f0541289bb87a62fcdf46,Win32 EXE,exe,2756449,026046655d15103013zb005d255z3055z72z37fz,2777bc7e5fef107b34e2d28c96858c51081414e299c551d4df14f9d8a9131feb,5742f45625b03fdc67bf1620e0c81672c8db5c66,d8160e83da7671abc43be069ac846b40334dd30ce63a6889dff5ab75ad8fbf52,https://www.virustotal.com/gui/search/ABC41503982F0541289BB87A62FCDF46
bc55d55f2727888c8f0bfe5df4c610e3,Win32 DLL,dll,153088,115056655d55556az47!z,9c532b1f2d1cf039f988dd66fc7fe6386e6d856cb6b4e2083ce099dadaf9c1f5,4c0032b852aa212c116361c5f1c0e6eeaa9672bd,7bcefcb41612d7366cd38b7bb932057a8d7bfba864410b4dd0a25d0767480c8a,https://www.virustotal.com/gui/search/BC55D55F2727888C8F0BFE5DF4C610E3
dfbf27fcbc6de1135d4bebe9f5df7321,Win32 DLL,dll,384000,135056655d55556az5-z,c9387a7ff5b6a807cdf2c38266a2613b9e7bcc8bf3d8b14d6a471ab25397f4f3,74868564b6b355a21119630b8430e009e4fdd101,83508a8fdd3caf43e11af131b199bd576af1bee43e3af7131ab4f590db8995bb,https://www.virustotal.com/gui/search/DFBF27FCBC6DE1135D4BEBE9F5DF7321
3726FC00D4229C08BCD60540FFABBA5B,,,,,,,,File not found
B1785B861D31BC1C6F17A8FA8A5D53F3,,,,,,,,File not found
84772A42337D994CAA2D695992564821,,,,,,,,File not found
84772A42337D994CAA2D695992564821,,,,,,,,File not found
8e5413724aedbbcf4b1fefed3f35ef25,Win32 EXE,exe,1826046,016056655d1c0510d043z800427z47z62z41fz,c4b7c4249f7d88695564fcd9fb97ef7792b0e889c3aa58c79d1e070fc1fc43e5,e1ec9534c98c574feb852ef5e245fe79515bfa71,16977b4623099d16d13a1f01ca5bd707a8741f368d3169d5e03d9ffb9c4f8327,https://www.virustotal.com/gui/search/8E5413724AEDBBCF4B1FEFED3F35EF25
9FC2D22B828F11E8A181E550373B5CF2,,,,,,,,File not found
C3D656093E44530CE0E1E7F4364BD58B,,,,,,,,File not found
e16f915796d4762014fc3864d4444ac3,Win32 EXE,exe,459776,0450665665655d1571z13z1004616z27z30500213z19z,65dee75f5d4f0d7e0c1065a689ebe79f67c87a4d3d9654193164128e859a0ddd,819364784cf0d3fe440b6c9a3950de7fa093e805,f0acf5170744c0e2cd2496afe739321d98841976d0594cfaf500b2e1fb32c4ba,https://www.virustotal.com/gui/search/E16F915796D4762014FC3864D4444AC3
065157829eb84b4f03e15480ca59825f,Win32 EXE,exe,2456464,0260a6665d5c0d5d151c006016z631z25zbaz1003cz3,8ac720b6a586ac61e67bcb5b7e10395c57b058203006f0d4657ce6ca3e3bf584,dd27965ffc63b49e43b0dad37361446ff9689699,d7cba76cc9a855bb3f5e6a718f57c8050fcdd5162dc19011469c1727c68da181,https://www.virustotal.com/gui/search/065157829EB84B4F03E15480CA59825F
2C634F5739DE44172E794C92C2E1E49B,,,,,,,,File not found
f08e24f57501f2c4e009b6a7d9249e99,Win32 EXE,exe,256000,02503e0f7d5019z4nz1fz,cafe54e85c539671c94abdeb4b8adbef3bde8655006003088760d04a86b5f915,cb590e4eaab33bba84082f3acbe01f35e1ce710f,7300887b44dcd6e0ab50d22c5f85c6002ad06d8346c5904aa9b1a47455b51481,https://www.virustotal.com/gui/search/F08E24F57501F2C4E009B6A7D9249E99
054758032CEC764D067D98000843A5E9,,,,,,,,File not found
1a8eb65c9bb26a9b37c97d83e1d000ae,,,,,,,,File not found
222e8d2330a330387a5cf876427459d1,,,,,,,,File not found
2895ae3c7c7f81fb4869d75cef08c399,,,,,,,,File not found
7fce508963e41638b5efb4e3437c8bb8,,,,,,,,File not found
86efb85c62ed6ac120b20a3282f428a2,,,,,,,,File not found
8efa182da9698e12af467b922da88c36,,,,,,,,File not found
a4dee6f5d7084076ca5704a7c9a97583,,,,,,,,File not found
1FE3593B5BB17888528349AF9563DEBB,,,,,,,,File not found
38cc4abbccf47c8c06f265602e0afd81,Win32 EXE,exe,168960,21503675151100771001025,703cf8f0d63094194cb1336a25d5dc66198682ca7d8e062fd7b925e5fa71e285,85f5f040fb749c78ead6720a17f5308e38f6cc33,8f2819ec5dc62c4da70733c770b4499395bb0b66cde1ca78faf80f5451388aad,https://www.virustotal.com/gui/search/38CC4ABBCCF47C8C06F265602E0AFD81
68DEDF55FA634001CF5409AB97102182,,,,,,,,File not found
1FE3593B5BB17888528349AF9563DEBB,,,,,,,,File not found
8605B28CFC77C4CBC970AB493A662AF0,,,,,,,,File not found
f19cfddb571831e2e91b5886e5fe829b,Win32 EXE,exe,220672,"025026651""z",417c8fe75e35748881bdb4584579a594440f4bc2eb6508ea56d5e0233c5f253b,6155bca5ff162e58ceeee03ffc20178418291ff8,067d2e606639677a1aa49cf3805eef6ec674fd0d6696244b9e9ba987ea986ce0,https://www.virustotal.com/gui/search/F19CFDDB571831E2E91B5886E5FE829B
f39998196e43d17e2d5fed5cdb4abec3,Win32 EXE,exe,4206592,246036751512c0be4ca20204,f923db34d9ef6ce33613d39999621dc820a13704d01a52c8a058dcf2570d2137,a4fc95c099486eedcb167adce595d88e445397a2,5c71322d31cfeaafaebf59d821ce00a8da8466028773ab5105044ae821f41902,https://www.virustotal.com/gui/search/F39998196E43D17E2D5FED5CDB4ABEC3
01c4eb60339048498e9015d2e13adfa0,Win32 EXE,exe,1177600,0160566d55557560e013z1005114kz1e03dz,b0b8e61c9e20822a37af5b000079a792f17e382b3eafa31c000f4589a7c96405,5e1d347d2b040418ffbd4615fa32f3817fbadc33,1d3b20ebd5fc78405e5d3e1445f603222fb1d213c92c188ae73a54f602bc51ad,https://www.virustotal.com/gui/search/01C4EB60339048498E9015D2E13ADFA0
597B6DF7CF776B5A1C8B7001B21BA80D,,,,,,,,File not found
A78D1DB37F33477E34EB704619A0EB7C,,,,,,,,File not found
ED2F82A708DEC15B0C00A9EBB800A49B,,,,,,,,File not found
f4ded77660a126cfc9d04fc3e8eebb0e,Win32 EXE,exe,279552,025046655d755az6e!z,141c20c2b38c97a455356282a9f21b9433c6e8cc12b1b9c066012a892a5de449,85fc35e60f3d587a157f855d2c81a3ab1415f8b7,67b1a46ffc6102d16baf1b9485db8f97af35e4913c17abdd32fa07d0aab0e039,https://www.virustotal.com/gui/search/F4DED77660A126CFC9D04FC3E8EEBB0E
7336D4CFAC54503282B37E4A859F46A9,,,,,,,,File not found
7FC43AC8A62EAB9E7E1D1BDD3C1ACE9E,,,,,,,,File not found
ea5d15be1011e2126f95d4d61c7e6d0e,Win32 EXE,exe,5222912,056076050d050707755019z1nz15z1015z,85fd9afd23692cb738d1ee9ea9c60c8b8ed5d3cff15a3ed4141da82d61a5577c,195ff39ed7b4701adb0e8e90edafdac489c5babd,92e6b62858692c7504456f7323ad3e3578c3bc1e76293198b74ae6b5bb648c41,https://www.virustotal.com/gui/search/EA5D15BE1011E2126F95D4D61C7E6D0E
2134d4ac3b876ad8562272c605aa057f,Win32 EXE,exe,344064,23503655151860a97a8615051,c8680d889af1570c5b40f58584e79a9ced6a02e86a87c0563a7bf5e272fde625,0198250c6dab4217e2ac7f3181237b166edb54b7,d5d61d8769c560ef10a27af41b2c8c3eac2a5c5941ad3ddaa12e974679a1e3ce,https://www.virustotal.com/gui/search/2134D4AC3B876AD8562272C605AA057F
1d1bf700c95a45a5c2d3266fa2f1635d,Win32 EXE,exe,275968,22505f7675161513c081e4d1f94912,ebe56a9c4d9187cdeea063f22a8ef81071cf9ab5c31f3125aeec26014cbb24e1,e82136b9bcaf0e7a4de79623e3c98c5741118b23,5ae7f9db62c0ad3c3f3873e9930c3272ed196f36eb41a29eb299136a4bfe0a76,https://www.virustotal.com/gui/search/1D1BF700C95A45A5C2D3266FA2F1635D
51d5ed33c76eaff65204e915b5959830,Win32 EXE,exe,970752,095096665d1c0d5c0515603152z3a001e9z3bz503dz,a166c132c3468b56a1c7723821d68f67d754ba5e3a04b3360f49de1203843361,c3a030e91e38fbd6024424bc666cb874f268a251,f2e5765000cb985f2a2ca1d2541d0c5a33822d15e57b6e061ad1f738dacdb9af,https://www.virustotal.com/gui/search/51D5ED33C76EAFF65204E915B5959830
a9395d0cbe8ac0c3b05e40e95959397b,Win32 EXE,exe,155648,015066651d1515551028z2oz27z15z,6b6faf5cf5d8679554f74b62d20e546c34c35aa24f51a0359c117800f79964c1,30c5d54e555a8e7d5770b845cbf2d1a473312ba4,181bf261fa7e5fed9b99e0e53f7ec24a0ec0c7482358c5eeb94d50b3da6627d3,https://www.virustotal.com/gui/search/A9395D0CBE8AC0C3B05E40E95959397B
d10df5c7ec6041691752d17836c43ca8,Win32 EXE,exe,180405,015046651d155az3etz19z,47665139d4ec0617fc039d91ed70a6b45ee32cab806d8d2151066892da1d613f,888bacb546539a82d1239c9e04d1f75e2ffd0710,3eed3381094e46a2adfbebc9f31b0e6791553707dc060858bd88d8a636654d50,https://www.virustotal.com/gui/search/D10DF5C7EC6041691752D17836C43CA8
d45a94a569e284f4ce39673ce1cdbe40,Win32 EXE,exe,4034560,0460cf7f7f7c0f0c0f0f00101011z11z67z1015z13z10101019z,21ec0addc73e6823ac2a6dd9a90690aab53149e33444c80100771d84d0e97353,7b543771e9318c7496553e80f159fb15b4baab08,540700ae9088bf122bce7755eb5ab18cdc242c3529fd43c864b97ad3fe44feca,https://www.virustotal.com/gui/search/D45A94A569E284F4CE39673CE1CDBE40
280EDAA3D848B87BD06F667E912EA864,,,,,,,,File not found
4db34d0c859868c0ece2e39ec7e844bc,Win32 DLL,dll,3182592,136096050d05050707751bz1nz1ez1,db6cfb09c6a726622bf19b73b3720841e7b0d218bec3b53cd3f750058f813fd9,ba50c52879854adfe71dcc2f26a8bc03e9c26ad1,6c97cdecf9a62e0c6070283658fdb82db92e6be096f384b711d6a1c53f4df6a2,https://www.virustotal.com/gui/search/4DB34D0C859868C0ECE2E39EC7E844BC
E4FD2965002E4E7BC638A11B63E27255,,,,,,,,File not found
4105ef965af93837ee4453ce62a55262,Win32 EXE,exe,13319168,017056655d65656083z32z88nz14z17z3,3e926acd887b88c1f1b6d486f8184f333a39bdc9b7314a38386895b9e3dc8c64,8b5a8bf4891951da3bb8f7381cdd7544dbaed04c,ae8b24a490425cb5a7715136fc0fc98f86dce738ee728995c9cdceb30301234e,https://www.virustotal.com/gui/search/4105EF965AF93837EE4453CE62A55262
5d12fbcaaa5bfd69108733c9be07e129,Win32 EXE,exe,4586496,046046751d156025z1005c?z1,3903f8a278a4ee89584ff1322c7216918b2e2f83de6eb58f908e304210473e6f,8e98ee723ab12d4ea8b7c012c7b5a82c792243d2,20141e4e981c5e6041fef4fc86565c271ddc5ac31549658251dedddcc0af7181,https://www.virustotal.com/gui/search/5D12FBCAAA5BFD69108733C9BE07E129
7746b93dfdeb5d3b5c6144ab714c045d,Win32 EXE,exe,1332224,01603e0f7d1019z63z1nz1017z,e2663b7df06923e09e6e37fbca17978ab8f4e0cb64073e13d8cac9f1521a477a,4208979a10e338e94d2edc05d723d971c5d2f589,4449ba6c590cacdbc350f281dcfa31f357d0e2a26cf2054fe7f8534550374dc4,https://www.virustotal.com/gui/search/7746B93DFDEB5D3B5C6144AB714C045D
97AAD360235EFAA754311DFD26140B28,,,,,,,,File not found
a71d1add532dc89ca34c3aef31cf1576,Win32 EXE,exe,2274281,22603655156900531z12,48fdc9fb2810396991f616e9c461a8336c23ebae7d83d88eee2fffdc5fcf70c5,2b3ea88a1f8433d0d7964725614c0afdf799d769,b0630c9bc63d63e70f6dbb0bdca4bef7bf5be6aedf8c14366705bda91bae4c92,https://www.virustotal.com/gui/search/A71D1ADD532DC89CA34C3AEF31CF1576
DA48C6B947856C51F70A8ECDB270272D,,,,,,,,File not found
0B298AEA117D75732508620DD1E97231,,,,,,,,File not found
1c1e4398595113733a8b54be81f78c96,Win32 EXE,exe,1074199,016066655d1515556az8d!z,fb9792e793e280df0448ea45e6b38be1dfd673f8a7e5a448200c1dfe6485d9f5,f19025bdd485ba86914294e4a576e430e040fbf5,cb06e73411c79427a61338951174969dbcc9377a5268f84006a327b1850d9bd9,https://www.virustotal.com/gui/search/1C1E4398595113733A8B54BE81F78C96
1c1e4398595113733a8b54be81f78c96,Win32 EXE,exe,1074199,016066655d1515556az8d!z,fb9792e793e280df0448ea45e6b38be1dfd673f8a7e5a448200c1dfe6485d9f5,f19025bdd485ba86914294e4a576e430e040fbf5,cb06e73411c79427a61338951174969dbcc9377a5268f84006a327b1850d9bd9,https://www.virustotal.com/gui/search/1C1E4398595113733A8B54BE81F78C96
726bcb9982bd4dab466d2d745c426355,Win32 DLL,dll,1992192,116066651d1555155az48?ze,d7b2679494af7d78ed63985f77716e19c9afcf72660eba291c5127a23b87bd94,b457af79691efb83494d3bb6b835040d954eba56,1e4da92ba9379b7f4ec78294e9c1fc6ed618df501cb54562f01173bac61bb6cb,https://www.virustotal.com/gui/search/726BCB9982BD4DAB466D2D745C426355
7746b93dfdeb5d3b5c6144ab714c045d,Win32 EXE,exe,1332224,01603e0f7d1019z63z1nz1017z,e2663b7df06923e09e6e37fbca17978ab8f4e0cb64073e13d8cac9f1521a477a,4208979a10e338e94d2edc05d723d971c5d2f589,4449ba6c590cacdbc350f281dcfa31f357d0e2a26cf2054fe7f8534550374dc4,https://www.virustotal.com/gui/search/7746B93DFDEB5D3B5C6144AB714C045D
a71d1add532dc89ca34c3aef31cf1576,Win32 EXE,exe,2274281,22603655156900531z12,48fdc9fb2810396991f616e9c461a8336c23ebae7d83d88eee2fffdc5fcf70c5,2b3ea88a1f8433d0d7964725614c0afdf799d769,b0630c9bc63d63e70f6dbb0bdca4bef7bf5be6aedf8c14366705bda91bae4c92,https://www.virustotal.com/gui/search/A71D1ADD532DC89CA34C3AEF31CF1576
DA48C6B947856C51F70A8ECDB270272D,,,,,,,,File not found
4b0afeb88e685f7c3728191803932987,,,,,,,,File not found
187baeaed91acc6379fe883a49c340d4,Win32 EXE,exe,4592640,046046751d156015z1005d?z1,d975c2fe8c4714c2a1fe2173f3e1ff585612c1a3e55de6e9fd328b5fc310de1a,81d5eda25610bd85f680e0e7be368d1a4c65db29,6ed4c16610c3a4c111eabc2cda22190ab0cf2178fbfa0cd0e83dbb1ea45e0432,https://www.virustotal.com/gui/search/187BAEAED91ACC6379FE883A49C340D4
8c9db6b54eacf445be86e33164f09d9a,Win32 EXE,exe,491520,245036751511b0872d2f4021,ff257219b5382cf10b73b0358327ee4c1e8c14e9678f5290f007d0a27ee60009,ae3ef01869992793d7b478bb7faec43f5e33dbe7,ba59f6b764779be70234cecf42bc879ce5c1b128a2e95a051941e9fcd2b33c92,https://www.virustotal.com/gui/search/8C9DB6B54EACF445BE86E33164F09D9A
00417653f6245dd39f114e4ad093b43f,Win32 EXE,exe,1348507,016056655d1c0510d043z8003d7z47z62z3ffz,aadc7e960d67cd37ef224c77117c9be140300c6d638b16d649dadee22e03b94d,2ea71961de2ecf6f27066dd8b7a4140f95cc04ae,d5062f33ba8cbd9dbd1c00f76bfab33157470df8fecc420b81b3bd9d8eee3d96,https://www.virustotal.com/gui/search/00417653F6245DD39F114E4AD093B43F
4E4B014604377B609ADD80E7F612ABE1,,,,,,,,File not found
7BAC80E6859430CA1F26F935852D01F9,,,,,,,,File not found
AEBF043A39D212BBD0FD608C972C5181,,,,,,,,File not found
c70889b47133396c23d32dd6c5720325,Win32 EXE,exe,3813280,036086655d55151d157560b012z6200a56z150e5za0600e53z19z,86eca2f6c3c53fd1325206b810b0cb2b6ee43ba77cdd918993ff2de8f3dccd67,1cf24f747b48957fb0c36914a2b81142357d5484,2a765230dec76ae2c30c5920b6c0b6215f8cc78ff4d2e79b25985818bf695db2,https://www.virustotal.com/gui/search/C70889B47133396C23D32DD6C5720325
A950305EBB090858F78ED7A5E7332E2A,,,,,,,,File not found
C5C896E08FAA139498193A79C326FF2C,,,,,,,,File not found
2c5140076bf00c3d77c30e4849107ae9,Win32 EXE,exe,1009152,016066655d1555555210b02002300a56z161d013zf2za2030e039z,cd2f8f60012f169a4501c6074f6e7599b239a101ca0fec806dad912f2c3bb4af,ff505f36c8b591bf43c92171811135c008c5d26a,d46d3eab7c0062b4152bfb4cc9506c0bb3e7673c5b9fbabcc70637a9365f50da,https://www.virustotal.com/gui/search/2C5140076BF00C3D77C30E4849107AE9
d3d79f8f3809ae58a8d030de3f0f8abc,Win32 EXE,exe,1180160,016066655d1555755210b02002300a56z161d013zf2za2030e039z,011b618d3d52261a4136201388020f1b9c98b43415a2c29f6e33cd3d7964938b,977146cb7e43e70ab6d586b2d891f9026b3db68f,e90e5f61911891ce23c54c81a93172b5f549bf6dc359a2ff153801d5290b50c2,https://www.virustotal.com/gui/search/D3D79F8F3809AE58A8D030DE3F0F8ABC
3493dcc0edda5e30e26aa552d7edcc8c,Win32 DLL,dll,206336,125056655d15156az51nz1ez4,e68f11685b0a74d8b6f57647aadf97977c35fd7d774de64b5360961677c3ed33,e9919b2cbacb4b8ccfcc0e7896237d3ad172f2a5,875e493d8d442c0c480fdf89571ccc8738eaff4492c6a2f4291019193c9d07d3,https://www.virustotal.com/gui/search/3493DCC0EDDA5E30E26AA552D7EDCC8C
5ee0a1bca69f9d0d1f9a24923e52f01b,Win32 DLL,dll,2736936,1260b6551d15657f1e1e1bzc?z1,efe782f2d88b8c5e7abb382bfe94fb20e14a57ec548d92693493f185b4e15bb2,fc930bfe940413c5c86020c1089ca0f3732a7789,6075ac437ac9234261095e7591c5e8f2be0c2c4cc5edc3c7f07b49e230fc3df0,https://www.virustotal.com/gui/search/5EE0A1BCA69F9D0D1F9A24923E52F01B
638289a3e2fadb26fb06e2ca54b923fa,Win32 EXE,exe,11776,014056651d15555bzejz2jz,c86ffe34fc33bd6bd456c2edb09cda8ffecdadb55e6c28454ab07f366f1e249e,fdb17621716119295cfb556cf1356dc289e15fae,4e263b1a702b6d4a5b5ad1bc36818a2b93c5309f4b5a02df80ab0819957d08f4,https://www.virustotal.com/gui/search/638289A3E2FADB26FB06E2CA54B923FA
ac1e50e69e4b74ef020de708e32ac8bd,Win32 EXE,exe,1766544,016046655d15714022z2a00b37z907023z808005b03dz,05595eae414f08ce57569ae338d12a373caf9b56970150987cd2db78ae05659c,29d842fc4af2017d262997b262b8bd7aeee4e098,f5775484242698c667a639ce839a4a0cccc52c4572cc258f44158c3a78511c02,https://www.virustotal.com/gui/search/AC1E50E69E4B74EF020DE708E32AC8BD
1A43A53553D5EEFEDA02E7D9ACB6CCE9,,,,,,,,File not found
498A8AEA6E50D7AC413963C6A496A0AE,,,,,,,,File not found
6ff884b56ad339d184f79527aca7db47,Win32 EXE,exe,34615296,0370c76d1565155c055d5291z10a3100b29c022z22185zf2z8d03001d236zb,16e61b14763506b61a130cb0cd828f74d90817b399f358d55a97644149909382,95916f0e08e38ba203c795d382e40a2ea3c6e8ac,1fbcdfdc49e606926e45b952c9f992bb1c1c53a26c75502ddfd807f4db5a9de6,https://www.virustotal.com/gui/search/6FF884B56AD339D184F79527ACA7DB47
929c7f7e7770f2e7cde00a04cc91854e,Win32 DLL,dll,2014720,126056655d155557z1003iz12z14z102020035001,d7faa9c4ea32c5dbea4278e260963513390bfbf82515c9d7876fbeddd146f10e,6a56b8febb52894e55b81895441d529c43a92265,4d10bd53eccd57e4d77f93a666f048bdb809394a1848a91193f3a126dc06fea6,https://www.virustotal.com/gui/search/929C7F7E7770F2E7CDE00A04CC91854E
fad38e650676e9486bd4456ad15d1f3f,Win32 EXE,exe,185856,215036756512f097243550410,2c5f35fd3dff5f80300525b4be72821eaed7cc000b483212460685efc7ad6047,76a78040f517f28986525cfe70f8f6271c19f0ad,513f77f1b93339722ef318df26da9a87b67534d88d2f79dd0cefdac8cd40b661,https://www.virustotal.com/gui/search/FAD38E650676E9486BD4456AD15D1F3F
3B40500ED2A420F526203B7F78D04B09,,,,,,,,File not found
7c6daa2a0b2e2a7911b749132ef4c2cf,Win32 EXE,exe,1449176,016066651d1c0555109043z800467z47z62z4403dz,98994a3b354018901a0c04da4045ff77d1b52b460e3928c724286f38f0aa6a2a,de7735af6e4f722040ad782034ff92965d64b11e,7db74aaa12f9f04035ddb3b557acc46d8abcdaad9e63e18166ffdb16e8112811,https://www.virustotal.com/gui/search/7C6DAA2A0B2E2A7911B749132EF4C2CF
cefd0b6a81c8a58e1696ae7cf4fb0868,Win32 EXE,exe,794016,0750866d1c0d1c051505105016z1c9z5bz1fz,ed76dd949435bde965ed256494c4072b7304d4ff285149977cd21e216d0e650e,9af897669cd49c0a03f0ee058c94d6ccd580a0e3,3dde17dd57077ffee718391da952c6c201e2e50950546c196b763e287c250f8c,https://www.virustotal.com/gui/search/CEFD0B6A81C8A58E1696AE7CF4FB0868
f38b3602203ae1e7ca6e875f6510abb3,Win32 EXE,exe,19456,014056655d15156058z1bdz1pz,3d17e2b228f4fa783f6663378d8f32c0bc8859efb358a574bd484dad3b243c7b,c1df9689f788fa26115519fc5e36b8b29fc2218c,7d3c0184efaf39fb1c596ebd7e1ba495d45049bd16ab5f4e685d7a5eb39d4670,https://www.virustotal.com/gui/search/F38B3602203AE1E7CA6E875F6510ABB3
0EF5F6A26367A0C78D6996CB3F332921,,,,,,,,File not found
1DF64122E96064E22CE431753A2360C3,,,,,,,,File not found
34fb289e9fee64cd7d4b588f0af35a87,Win32 EXE,exe,3232768,0360a6666d6c0d5d151c0161e020051z9401023zf125z92zbe03cz3,61fbf0a6084bd7bab3ed214f1c372a569af302ee353e59ddb4f9f65436bf9b55,749822f7891caaca3fcda698a1f3a88afa76b26c,674edd9714b1ee37f25b9240e19da40932fa2265a3a79ef4a0ebf13a8e0b876e,https://www.virustotal.com/gui/search/34FB289E9FEE64CD7D4B588F0AF35A87
7AFEF5C1924EAD34BE8FB9A12F239151,,,,,,,,File not found
b27bf3dcf7f6befc64b03106b7ec35a4,Win32 EXE,exe,3933120,036056655d55756150100106200b26z150e5zb0600e63z11d7z,a47954555f138b6c951091477cc08659d10eb2e16894a2b0de60ce84d4b5f68e,f17d0da1e8a9dc0f60aff36c15e89b08c2e55aba,ce914cba780b96ed4c613d0fd03efb468663f61c989d762abdb0424f2cf1c566,https://www.virustotal.com/gui/search/B27BF3DCF7F6BEFC64B03106B7EC35A4
BDB3986145CFADDF9933F7970E22F5B8,,,,,,,,File not found
fee6f18453719080e90c4690449a02f1,Win32 EXE,exe,30687854,037046655d155az89!z,a5f742d87a8d32cfca77bde99e0eb1cb4cbd0051de5357dbbb7f51db2a85fee4,3da916a5d85107594a903c42794017b5e675f092,0aebd8f5efce6fedb41b91abc85ab9d42aff550aa44955ab0e57174c02742633,https://www.virustotal.com/gui/search/FEE6F18453719080E90C4690449A02F1
4B07BF7389C0CB0BEA360C54160E3AE2,,,,,,,,File not found
705e0de4275efc3f1fed585a3c35a247,Win32 EXE,exe,162272,01503e0f7d11z13z11z6015z1015z13z1fz,295ef9ecd464a3ce3956b44088f1dcbd97e1eb2699623c606ae34ef9f918523c,3a580b432f5de7336478768b3e05313a03e6d21b,33217828c32c7f9b946f4d8a4ef9c9bfb104ac98cb49672e06f66b3222699486,https://www.virustotal.com/gui/search/705E0DE4275EFC3F1FED585A3C35A247
72c137efe88d3e115455378a53e1699d,Win32 EXE,exe,959488,29503675551380e16b37eb480,b6dfe1839752b15b2edd932dc605700d54930cfc892b4c36d650e70e05b718e4,f8a38ba721421be4200f18895302f45aa78000cf,5ee36357378b3380c24fd39b58de1827f6f139c27b8ba766aa30d188bed15cc1,https://www.virustotal.com/gui/search/72C137EFE88D3E115455378A53E1699D
81db2bde8945985ce805776f4358b5ef,Win32 EXE,exe,6628305,066076655d155515155048z5f!z,8cc7f072575cbdfff5e7892cce26991f75a69badd2cc8ad5877c71451e840385,be310135d7e874f451af835759551e5763ca2e41,5c1029171c94fb9113d983e3330d2e01f81cb3cf726f9365f8064c58b34f64dd,https://www.virustotal.com/gui/search/81DB2BDE8945985CE805776F4358B5EF
90b6f298a9dad5dc43220c056f09e246,Win32 EXE,exe,283648,025056651d15556048z4cjz1jz,938e29ed93872deed24d2f5c8317caa81b5fc51d909f89347b7d6182e269a069,342c4294cd12ac69f1d42580fa9749490fb4c18f,52d1f70a28c07e0cc90dcb194030c69c9d88f5d22ca0e514ca57d7027ed2d624,https://www.virustotal.com/gui/search/90B6F298A9DAD5DC43220C056F09E246
b54dbd344f0d32e443a3273377b0dc99,Win32 EXE,exe,4059200,046056655d5c05709043z8003b7z47z62z3e03dz,0663af4692e19081e3afa8641ee7b9be3a54ec26c88a02bfee5265717c7037df,6f7a53b769c9dc414c573ea9f13e51207a84673b,21486bf02c2bc414cdcfb3446a09d059b3491f32fe208573930c335a72520513,https://www.virustotal.com/gui/search/B54DBD344F0D32E443A3273377B0DC99
e97095f7a58ca1c6c583bbd8ece4f6f4,Win32 EXE,exe,754176,0750866d1c0d5c051565603172z36002a7z203bz403dz,ce7631ce4c2db623fb57e48426d6af3688df480f79ab73d70668b8ac4529f504,b16a1b7d39f8ff79dcb1b9659abe5ebec65907b0,89cb386595eff94cc0eca24b650b7f914a6d8e2d838e69019dde5c23542ec6f2,https://www.virustotal.com/gui/search/E97095F7A58CA1C6C583BBD8ECE4F6F4
c1f8a53fc91c813b1d8a66d70d30e2c9,Win32 EXE,exe,1318912,016066651d1c0575709043z800467z47z62z4403dz,1d0f57d2f0c24b6812f56b29d74b40bf48a90d4b0824f9e66e60c7de7fd48a4b,6f71d7ec77a265ed519ff1f3abe25005d4c92992,a04e349db7d59c3c93579c3cd88529bbb6548bbdeaec146e09cc4842180cdbb3,https://www.virustotal.com/gui/search/C1F8A53FC91C813B1D8A66D70D30E2C9
e196045028aeb44a874a1b7eb0d3a76f,Win32 EXE,exe,1780029,016046655d15103013zb005d215z3045z72z37fz,22c433831f5e952c23dbd74259245eb1ac041c1afe09cf624f86eb7c8262edb0,b4e8176583c8a9a13f642cddd1f5312987d552df,851755937eae9a4ecf1964a5d063d3c0e6534a0f6621fe00497c642d5b784877,https://www.virustotal.com/gui/search/E196045028AEB44A874A1B7EB0D3A76F
06A863DE50C6E4425B466057C5665ED9,,,,,,,,File not found
680D2ED84CDDC43E783FFEBFD1916BE4,,,,,,,,File not found
8A91F6FA28B52288C31CFF2D8029377F,,,,,,,,File not found
A45995EB93ABA1C34E3D778F51178C90,,,,,,,,File not found
e59226a18d70150694cad05d3a1d197f,Win32 EXE,exe,3027751,036056655d1c0560d043z800417z47z62z41fz,d284b2b5a10c263f551604a4a2a6ff34c6ba2a46578c92ed7dda5227c93bbcfa,b787c49b08d2ac0e183b82fb4a9b1375b1f7f5d2,41571fb5fad7f93549f1e81207eb1375034a0c72e307f824c00d8622caa2af78,https://www.virustotal.com/gui/search/E59226A18D70150694CAD05D3A1D197F
bac13dfbe1acf8abfa20d15039281c2b,Win32 EXE,exe,253440,02505d7d1d1d5dcz3@z13z,652d1b8f987d37e027244e6eb8f7d60b366716d1aa00a461bfb61d1c55f2bd0e,c32bcf42cb98b5701440da8caa2307105f2781cf,7248445c50810ef54636e6eaf80e292e83bb3903451c97fc47029f81961eed37,https://www.virustotal.com/gui/search/BAC13DFBE1ACF8ABFA20D15039281C2B
0DB0D8E6DED6D711948B4B0B4E80E00E,,,,,,,,File not found
580f30acd2a0828b174ba827fd6f4bb4,Win32 EXE,exe,239104,025056655d15556128z527z503tz,eb24370166021f9243fd98c0be7b22ab8cbc22147c15ecef8e75746eb484bb1a,9b6a4bf704d4b430bc18caaef42648e743556dff,2a2e73c6bcfd811a71728659d9d9ef1a496c1b3c400589b166e7cb821af39e02,https://www.virustotal.com/gui/search/580F30ACD2A0828B174BA827FD6F4BB4
A0A5E48066B0B6FEEECA25746D0EF933,,,,,,,,File not found
2dbb88b9fd64e835e248867dc83521a0,Win32 EXE,exe,4659200,046046655d755az7e!z,743edf989324fe3673cc05d95e1554054d5606df3677ca75cdc58426e753dcb2,76279e5975fa5f12afaf3e7c233e494fd21150b9,19ccc5f5a797d81ef47195a3233726e3f2e72163fcb6d3cddf9fb6f0875eaeb2,https://www.virustotal.com/gui/search/2DBB88B9FD64E835E248867DC83521A0
0AF8D0286826571374148584C1D064FD,,,,,,,,File not found
429aabdae98e2c80cc2b7562ba2bc279,Win32 EXE,exe,5621915,056066655d1515756az8d!z,6930e4389287314c77a44f04df2bd1afa616733f6d04d0c36c19d6fe3e5c8592,50565ac937498b73ad64d4b47e3550e2cbf77fae,ffbc8c9c1648ce62388d5be0d88e86eea6d4bdf8c71f97fcb110c8c20ea2a08f,https://www.virustotal.com/gui/search/429AABDAE98E2C80CC2B7562BA2BC279
44AB6A4D6E901C51692FE7195344EA47,,,,,,,,File not found
58AE6F9651A8E5E0075C09EBDE188926,,,,,,,,File not found
64d6384795bc0c3692b17af3a80a60c9,Win32 DLL,dll,2557440,1260566d1555156188zb1hz20401191z801195z13,a8cc637b9cc836dbd86af7264368ce79c532344bf1cdec63d47ae6d39026408e,b2aca742a766df48e25d2ff420ca8d518c02b421,61e34a0f8b6417cb6237398875f618e0a663ee815376f566e4118f40df730eec,https://www.virustotal.com/gui/search/64D6384795BC0C3692B17AF3A80A60C9
2fa7683ea7bb2ade8e5331e99fd14d0e,Win32 DLL,dll,130560,115056655d15556az4a!z,14e801fbb5190005a8c78fa00d348ec6d179d6b7552bb90f88486b3073a28253,ad50464c3024f0c4858a805bdbf2c828779d3b04,b471f02128d70bf5f0a4891a3b3f0d1f558abb243d0e9788a91fc4c7a5a8b7b4,https://www.virustotal.com/gui/search/2FA7683EA7BB2ADE8E5331E99FD14D0E
39d83c8d85a31d864f8da1dbd0613236,Win32 EXE,exe,4617728,046046655d756az81!z,996f0cfc36e60fdbdcb535a380506dfc3e0dbb20a7b5707015f7675be2a04fb2,230982a08f1253cb16c8535e2731d8f4ce8d45ef,dadfd5dd0e2830caa324b7acb18f72584c04fd10896494e7011ebd6e11bd49a1,https://www.virustotal.com/gui/search/39D83C8D85A31D864F8DA1DBD0613236
abc41503982f0541289bb87a62fcdf46,Win32 EXE,exe,2756449,026046655d15103013zb005d255z3055z72z37fz,2777bc7e5fef107b34e2d28c96858c51081414e299c551d4df14f9d8a9131feb,5742f45625b03fdc67bf1620e0c81672c8db5c66,d8160e83da7671abc43be069ac846b40334dd30ce63a6889dff5ab75ad8fbf52,https://www.virustotal.com/gui/search/ABC41503982F0541289BB87A62FCDF46
bc55d55f2727888c8f0bfe5df4c610e3,Win32 DLL,dll,153088,115056655d55556az47!z,9c532b1f2d1cf039f988dd66fc7fe6386e6d856cb6b4e2083ce099dadaf9c1f5,4c0032b852aa212c116361c5f1c0e6eeaa9672bd,7bcefcb41612d7366cd38b7bb932057a8d7bfba864410b4dd0a25d0767480c8a,https://www.virustotal.com/gui/search/BC55D55F2727888C8F0BFE5DF4C610E3
dfbf27fcbc6de1135d4bebe9f5df7321,Win32 DLL,dll,384000,135056655d55556az5-z,c9387a7ff5b6a807cdf2c38266a2613b9e7bcc8bf3d8b14d6a471ab25397f4f3,74868564b6b355a21119630b8430e009e4fdd101,83508a8fdd3caf43e11af131b199bd576af1bee43e3af7131ab4f590db8995bb,https://www.virustotal.com/gui/search/DFBF27FCBC6DE1135D4BEBE9F5DF7321
3726FC00D4229C08BCD60540FFABBA5B,,,,,,,,File not found
B1785B861D31BC1C6F17A8FA8A5D53F3,,,,,,,,File not found
84772A42337D994CAA2D695992564821,,,,,,,,File not found
84772A42337D994CAA2D695992564821,,,,,,,,File not found
8e5413724aedbbcf4b1fefed3f35ef25,Win32 EXE,exe,1826046,016056655d1c0510d043z800427z47z62z41fz,c4b7c4249f7d88695564fcd9fb97ef7792b0e889c3aa58c79d1e070fc1fc43e5,e1ec9534c98c574feb852ef5e245fe79515bfa71,16977b4623099d16d13a1f01ca5bd707a8741f368d3169d5e03d9ffb9c4f8327,https://www.virustotal.com/gui/search/8E5413724AEDBBCF4B1FEFED3F35EF25
9FC2D22B828F11E8A181E550373B5CF2,,,,,,,,File not found
C3D656093E44530CE0E1E7F4364BD58B,,,,,,,,File not found
e16f915796d4762014fc3864d4444ac3,Win32 EXE,exe,459776,0450665665655d1571z13z1004616z27z30500213z19z,65dee75f5d4f0d7e0c1065a689ebe79f67c87a4d3d9654193164128e859a0ddd,819364784cf0d3fe440b6c9a3950de7fa093e805,f0acf5170744c0e2cd2496afe739321d98841976d0594cfaf500b2e1fb32c4ba,https://www.virustotal.com/gui/search/E16F915796D4762014FC3864D4444AC3
065157829eb84b4f03e15480ca59825f,Win32 EXE,exe,2456464,0260a6665d5c0d5d151c006016z631z25zbaz1003cz3,8ac720b6a586ac61e67bcb5b7e10395c57b058203006f0d4657ce6ca3e3bf584,dd27965ffc63b49e43b0dad37361446ff9689699,d7cba76cc9a855bb3f5e6a718f57c8050fcdd5162dc19011469c1727c68da181,https://www.virustotal.com/gui/search/065157829EB84B4F03E15480CA59825F
2C634F5739DE44172E794C92C2E1E49B,,,,,,,,File not found
f08e24f57501f2c4e009b6a7d9249e99,Win32 EXE,exe,256000,02503e0f7d5019z4nz1fz,cafe54e85c539671c94abdeb4b8adbef3bde8655006003088760d04a86b5f915,cb590e4eaab33bba84082f3acbe01f35e1ce710f,7300887b44dcd6e0ab50d22c5f85c6002ad06d8346c5904aa9b1a47455b51481,https://www.virustotal.com/gui/search/F08E24F57501F2C4E009B6A7D9249E99
054758032CEC764D067D98000843A5E9,,,,,,,,File not found
1a8eb65c9bb26a9b37c97d83e1d000ae,,,,,,,,File not found
222e8d2330a330387a5cf876427459d1,,,,,,,,File not found
2895ae3c7c7f81fb4869d75cef08c399,,,,,,,,File not found
7fce508963e41638b5efb4e3437c8bb8,,,,,,,,File not found
86efb85c62ed6ac120b20a3282f428a2,,,,,,,,File not found
8efa182da9698e12af467b922da88c36,,,,,,,,File not found
a4dee6f5d7084076ca5704a7c9a97583,,,,,,,,File not found
1FE3593B5BB17888528349AF9563DEBB,,,,,,,,File not found
38cc4abbccf47c8c06f265602e0afd81,Win32 EXE,exe,168960,21503675151100771001025,703cf8f0d63094194cb1336a25d5dc66198682ca7d8e062fd7b925e5fa71e285,85f5f040fb749c78ead6720a17f5308e38f6cc33,8f2819ec5dc62c4da70733c770b4499395bb0b66cde1ca78faf80f5451388aad,https://www.virustotal.com/gui/search/38CC4ABBCCF47C8C06F265602E0AFD81
68DEDF55FA634001CF5409AB97102182,,,,,,,,File not found
1FE3593B5BB17888528349AF9563DEBB,,,,,,,,File not found
8605B28CFC77C4CBC970AB493A662AF0,,,,,,,,File not found
f19cfddb571831e2e91b5886e5fe829b,Win32 EXE,exe,220672,"025026651""z",417c8fe75e35748881bdb4584579a594440f4bc2eb6508ea56d5e0233c5f253b,6155bca5ff162e58ceeee03ffc20178418291ff8,067d2e606639677a1aa49cf3805eef6ec674fd0d6696244b9e9ba987ea986ce0,https://www.virustotal.com/gui/search/F19CFDDB571831E2E91B5886E5FE829B
f39998196e43d17e2d5fed5cdb4abec3,Win32 EXE,exe,4206592,246036751512c0be4ca20204,f923db34d9ef6ce33613d39999621dc820a13704d01a52c8a058dcf2570d2137,a4fc95c099486eedcb167adce595d88e445397a2,5c71322d31cfeaafaebf59d821ce00a8da8466028773ab5105044ae821f41902,https://www.virustotal.com/gui/search/F39998196E43D17E2D5FED5CDB4ABEC3
01c4eb60339048498e9015d2e13adfa0,Win32 EXE,exe,1177600,0160566d55557560e013z1005114kz1e03dz,b0b8e61c9e20822a37af5b000079a792f17e382b3eafa31c000f4589a7c96405,5e1d347d2b040418ffbd4615fa32f3817fbadc33,1d3b20ebd5fc78405e5d3e1445f603222fb1d213c92c188ae73a54f602bc51ad,https://www.virustotal.com/gui/search/01C4EB60339048498E9015D2E13ADFA0
597B6DF7CF776B5A1C8B7001B21BA80D,,,,,,,,File not found
A78D1DB37F33477E34EB704619A0EB7C,,,,,,,,File not found
ED2F82A708DEC15B0C00A9EBB800A49B,,,,,,,,File not found
f4ded77660a126cfc9d04fc3e8eebb0e,Win32 EXE,exe,279552,025046655d755az6e!z,141c20c2b38c97a455356282a9f21b9433c6e8cc12b1b9c066012a892a5de449,85fc35e60f3d587a157f855d2c81a3ab1415f8b7,67b1a46ffc6102d16baf1b9485db8f97af35e4913c17abdd32fa07d0aab0e039,https://www.virustotal.com/gui/search/F4DED77660A126CFC9D04FC3E8EEBB0E
7336D4CFAC54503282B37E4A859F46A9,,,,,,,,File not found
7FC43AC8A62EAB9E7E1D1BDD3C1ACE9E,,,,,,,,File not found
ea5d15be1011e2126f95d4d61c7e6d0e,Win32 EXE,exe,5222912,056076050d050707755019z1nz15z1015z,85fd9afd23692cb738d1ee9ea9c60c8b8ed5d3cff15a3ed4141da82d61a5577c,195ff39ed7b4701adb0e8e90edafdac489c5babd,92e6b62858692c7504456f7323ad3e3578c3bc1e76293198b74ae6b5bb648c41,https://www.virustotal.com/gui/search/EA5D15BE1011E2126F95D4D61C7E6D0E
2134d4ac3b876ad8562272c605aa057f,Win32 EXE,exe,344064,23503655151860a97a8615051,c8680d889af1570c5b40f58584e79a9ced6a02e86a87c0563a7bf5e272fde625,0198250c6dab4217e2ac7f3181237b166edb54b7,d5d61d8769c560ef10a27af41b2c8c3eac2a5c5941ad3ddaa12e974679a1e3ce,https://www.virustotal.com/gui/search/2134D4AC3B876AD8562272C605AA057F
1d1bf700c95a45a5c2d3266fa2f1635d,Win32 EXE,exe,275968,22505f7675161513c081e4d1f94912,ebe56a9c4d9187cdeea063f22a8ef81071cf9ab5c31f3125aeec26014cbb24e1,e82136b9bcaf0e7a4de79623e3c98c5741118b23,5ae7f9db62c0ad3c3f3873e9930c3272ed196f36eb41a29eb299136a4bfe0a76,https://www.virustotal.com/gui/search/1D1BF700C95A45A5C2D3266FA2F1635D
51d5ed33c76eaff65204e915b5959830,Win32 EXE,exe,970752,095096665d1c0d5c0515603152z3a001e9z3bz503dz,a166c132c3468b56a1c7723821d68f67d754ba5e3a04b3360f49de1203843361,c3a030e91e38fbd6024424bc666cb874f268a251,f2e5765000cb985f2a2ca1d2541d0c5a33822d15e57b6e061ad1f738dacdb9af,https://www.virustotal.com/gui/search/51D5ED33C76EAFF65204E915B5959830
a9395d0cbe8ac0c3b05e40e95959397b,Win32 EXE,exe,155648,015066651d1515551028z2oz27z15z,6b6faf5cf5d8679554f74b62d20e546c34c35aa24f51a0359c117800f79964c1,30c5d54e555a8e7d5770b845cbf2d1a473312ba4,181bf261fa7e5fed9b99e0e53f7ec24a0ec0c7482358c5eeb94d50b3da6627d3,https://www.virustotal.com/gui/search/A9395D0CBE8AC0C3B05E40E95959397B
d10df5c7ec6041691752d17836c43ca8,Win32 EXE,exe,180405,015046651d155az3etz19z,47665139d4ec0617fc039d91ed70a6b45ee32cab806d8d2151066892da1d613f,888bacb546539a82d1239c9e04d1f75e2ffd0710,3eed3381094e46a2adfbebc9f31b0e6791553707dc060858bd88d8a636654d50,https://www.virustotal.com/gui/search/D10DF5C7EC6041691752D17836C43CA8
d45a94a569e284f4ce39673ce1cdbe40,Win32 EXE,exe,4034560,0460cf7f7f7c0f0c0f0f00101011z11z67z1015z13z10101019z,21ec0addc73e6823ac2a6dd9a90690aab53149e33444c80100771d84d0e97353,7b543771e9318c7496553e80f159fb15b4baab08,540700ae9088bf122bce7755eb5ab18cdc242c3529fd43c864b97ad3fe44feca,https://www.virustotal.com/gui/search/D45A94A569E284F4CE39673CE1CDBE40
280EDAA3D848B87BD06F667E912EA864,,,,,,,,File not found
4db34d0c859868c0ece2e39ec7e844bc,Win32 DLL,dll,3182592,136096050d05050707751bz1nz1ez1,db6cfb09c6a726622bf19b73b3720841e7b0d218bec3b53cd3f750058f813fd9,ba50c52879854adfe71dcc2f26a8bc03e9c26ad1,6c97cdecf9a62e0c6070283658fdb82db92e6be096f384b711d6a1c53f4df6a2,https://www.virustotal.com/gui/search/4DB34D0C859868C0ECE2E39EC7E844BC
E4FD2965002E4E7BC638A11B63E27255,,,,,,,,File not found
4105ef965af93837ee4453ce62a55262,Win32 EXE,exe,13319168,017056655d65656083z32z88nz14z17z3,3e926acd887b88c1f1b6d486f8184f333a39bdc9b7314a38386895b9e3dc8c64,8b5a8bf4891951da3bb8f7381cdd7544dbaed04c,ae8b24a490425cb5a7715136fc0fc98f86dce738ee728995c9cdceb30301234e,https://www.virustotal.com/gui/search/4105EF965AF93837EE4453CE62A55262
5d12fbcaaa5bfd69108733c9be07e129,Win32 EXE,exe,4586496,046046751d156025z1005c?z1,3903f8a278a4ee89584ff1322c7216918b2e2f83de6eb58f908e304210473e6f,8e98ee723ab12d4ea8b7c012c7b5a82c792243d2,20141e4e981c5e6041fef4fc86565c271ddc5ac31549658251dedddcc0af7181,https://www.virustotal.com/gui/search/5D12FBCAAA5BFD69108733C9BE07E129
7746b93dfdeb5d3b5c6144ab714c045d,Win32 EXE,exe,1332224,01603e0f7d1019z63z1nz1017z,e2663b7df06923e09e6e37fbca17978ab8f4e0cb64073e13d8cac9f1521a477a,4208979a10e338e94d2edc05d723d971c5d2f589,4449ba6c590cacdbc350f281dcfa31f357d0e2a26cf2054fe7f8534550374dc4,https://www.virustotal.com/gui/search/7746B93DFDEB5D3B5C6144AB714C045D
97AAD360235EFAA754311DFD26140B28,,,,,,,,File not found
a71d1add532dc89ca34c3aef31cf1576,Win32 EXE,exe,2274281,22603655156900531z12,48fdc9fb2810396991f616e9c461a8336c23ebae7d83d88eee2fffdc5fcf70c5,2b3ea88a1f8433d0d7964725614c0afdf799d769,b0630c9bc63d63e70f6dbb0bdca4bef7bf5be6aedf8c14366705bda91bae4c92,https://www.virustotal.com/gui/search/A71D1ADD532DC89CA34C3AEF31CF1576
DA48C6B947856C51F70A8ECDB270272D,,,,,,,,File not found
0B298AEA117D75732508620DD1E97231,,,,,,,,File not found
1c1e4398595113733a8b54be81f78c96,Win32 EXE,exe,1074199,016066655d1515556az8d!z,fb9792e793e280df0448ea45e6b38be1dfd673f8a7e5a448200c1dfe6485d9f5,f19025bdd485ba86914294e4a576e430e040fbf5,cb06e73411c79427a61338951174969dbcc9377a5268f84006a327b1850d9bd9,https://www.virustotal.com/gui/search/1C1E4398595113733A8B54BE81F78C96
1c1e4398595113733a8b54be81f78c96,Win32 EXE,exe,1074199,016066655d1515556az8d!z,fb9792e793e280df0448ea45e6b38be1dfd673f8a7e5a448200c1dfe6485d9f5,f19025bdd485ba86914294e4a576e430e040fbf5,cb06e73411c79427a61338951174969dbcc9377a5268f84006a327b1850d9bd9,https://www.virustotal.com/gui/search/1C1E4398595113733A8B54BE81F78C96
726bcb9982bd4dab466d2d745c426355,Win32 DLL,dll,1992192,116066651d1555155az48?ze,d7b2679494af7d78ed63985f77716e19c9afcf72660eba291c5127a23b87bd94,b457af79691efb83494d3bb6b835040d954eba56,1e4da92ba9379b7f4ec78294e9c1fc6ed618df501cb54562f01173bac61bb6cb,https://www.virustotal.com/gui/search/726BCB9982BD4DAB466D2D745C426355
7746b93dfdeb5d3b5c6144ab714c045d,Win32 EXE,exe,1332224,01603e0f7d1019z63z1nz1017z,e2663b7df06923e09e6e37fbca17978ab8f4e0cb64073e13d8cac9f1521a477a,4208979a10e338e94d2edc05d723d971c5d2f589,4449ba6c590cacdbc350f281dcfa31f357d0e2a26cf2054fe7f8534550374dc4,https://www.virustotal.com/gui/search/7746B93DFDEB5D3B5C6144AB714C045D
a71d1add532dc89ca34c3aef31cf1576,Win32 EXE,exe,2274281,22603655156900531z12,48fdc9fb2810396991f616e9c461a8336c23ebae7d83d88eee2fffdc5fcf70c5,2b3ea88a1f8433d0d7964725614c0afdf799d769,b0630c9bc63d63e70f6dbb0bdca4bef7bf5be6aedf8c14366705bda91bae4c92,https://www.virustotal.com/gui/search/A71D1ADD532DC89CA34C3AEF31CF1576
DA48C6B947856C51F70A8ECDB270272D,,,,,,,,File not found
4b0afeb88e685f7c3728191803932987,,,,,,,,File not found
187baeaed91acc6379fe883a49c340d4,Win32 EXE,exe,4592640,046046751d156015z1005d?z1,d975c2fe8c4714c2a1fe2173f3e1ff585612c1a3e55de6e9fd328b5fc310de1a,81d5eda25610bd85f680e0e7be368d1a4c65db29,6ed4c16610c3a4c111eabc2cda22190ab0cf2178fbfa0cd0e83dbb1ea45e0432,https://www.virustotal.com/gui/search/187BAEAED91ACC6379FE883A49C340D4
8c9db6b54eacf445be86e33164f09d9a,Win32 EXE,exe,491520,245036751511b0872d2f4021,ff257219b5382cf10b73b0358327ee4c1e8c14e9678f5290f007d0a27ee60009,ae3ef01869992793d7b478bb7faec43f5e33dbe7,ba59f6b764779be70234cecf42bc879ce5c1b128a2e95a051941e9fcd2b33c92,https://www.virustotal.com/gui/search/8C9DB6B54EACF445BE86E33164F09D9A
